--
-- PostgreSQL database dump
--

-- Dumped from database version 12.17 (Ubuntu 12.17-1.pgdg22.04+1)
-- Dumped by pg_dump version 12.17 (Ubuntu 12.17-1.pgdg22.04+1)

SET statement_timeout = 0;
SET lock_timeout = 0;
SET idle_in_transaction_session_timeout = 0;
SET client_encoding = 'UTF8';
SET standard_conforming_strings = on;
SELECT pg_catalog.set_config('search_path', '', false);
SET check_function_bodies = false;
SET xmloption = content;
SET client_min_messages = warning;
SET row_security = off;

DROP DATABASE universe;
--
-- Name: universe; Type: DATABASE; Schema: -; Owner: freecodecamp
--

CREATE DATABASE universe WITH TEMPLATE = template0 ENCODING = 'UTF8' LC_COLLATE = 'C.UTF-8' LC_CTYPE = 'C.UTF-8';


ALTER DATABASE universe OWNER TO freecodecamp;

\connect universe

SET statement_timeout = 0;
SET lock_timeout = 0;
SET idle_in_transaction_session_timeout = 0;
SET client_encoding = 'UTF8';
SET standard_conforming_strings = on;
SELECT pg_catalog.set_config('search_path', '', false);
SET check_function_bodies = false;
SET xmloption = content;
SET client_min_messages = warning;
SET row_security = off;

SET default_tablespace = '';

SET default_table_access_method = heap;

--
-- Name: galaxy; Type: TABLE; Schema: public; Owner: freecodecamp
--

CREATE TABLE public.galaxy (
    galaxy_id integer NOT NULL,
    name character varying(255) NOT NULL,
    galaxy_type character varying(100) NOT NULL,
    age_in_millions_of_years integer NOT NULL,
    has_life boolean NOT NULL
);


ALTER TABLE public.galaxy OWNER TO freecodecamp;

--
-- Name: galaxy_galaxy_id_seq; Type: SEQUENCE; Schema: public; Owner: freecodecamp
--

CREATE SEQUENCE public.galaxy_galaxy_id_seq
    AS integer
    START WITH 1
    INCREMENT BY 1
    NO MINVALUE
    NO MAXVALUE
    CACHE 1;


ALTER TABLE public.galaxy_galaxy_id_seq OWNER TO freecodecamp;

--
-- Name: galaxy_galaxy_id_seq; Type: SEQUENCE OWNED BY; Schema: public; Owner: freecodecamp
--

ALTER SEQUENCE public.galaxy_galaxy_id_seq OWNED BY public.galaxy.galaxy_id;


--
-- Name: moon; Type: TABLE; Schema: public; Owner: freecodecamp
--

CREATE TABLE public.moon (
    moon_id integer NOT NULL,
    name character varying(255) NOT NULL,
    size_in_km integer NOT NULL,
    planet_id integer,
    description text
);


ALTER TABLE public.moon OWNER TO freecodecamp;

--
-- Name: moon_moon_id_seq; Type: SEQUENCE; Schema: public; Owner: freecodecamp
--

CREATE SEQUENCE public.moon_moon_id_seq
    AS integer
    START WITH 1
    INCREMENT BY 1
    NO MINVALUE
    NO MAXVALUE
    CACHE 1;


ALTER TABLE public.moon_moon_id_seq OWNER TO freecodecamp;

--
-- Name: moon_moon_id_seq; Type: SEQUENCE OWNED BY; Schema: public; Owner: freecodecamp
--

ALTER SEQUENCE public.moon_moon_id_seq OWNED BY public.moon.moon_id;


--
-- Name: planet; Type: TABLE; Schema: public; Owner: freecodecamp
--

CREATE TABLE public.planet (
    planet_id integer NOT NULL,
    name character varying(255) NOT NULL,
    planet_type character varying(100) NOT NULL,
    distance_from_star numeric NOT NULL,
    has_life boolean NOT NULL,
    star_id integer
);


ALTER TABLE public.planet OWNER TO freecodecamp;

--
-- Name: planet_planet_id_seq; Type: SEQUENCE; Schema: public; Owner: freecodecamp
--

CREATE SEQUENCE public.planet_planet_id_seq
    AS integer
    START WITH 1
    INCREMENT BY 1
    NO MINVALUE
    NO MAXVALUE
    CACHE 1;


ALTER TABLE public.planet_planet_id_seq OWNER TO freecodecamp;

--
-- Name: planet_planet_id_seq; Type: SEQUENCE OWNED BY; Schema: public; Owner: freecodecamp
--

ALTER SEQUENCE public.planet_planet_id_seq OWNED BY public.planet.planet_id;


--
-- Name: spaceship; Type: TABLE; Schema: public; Owner: freecodecamp
--

CREATE TABLE public.spaceship (
    spaceship_id integer NOT NULL,
    name character varying(255) NOT NULL,
    speed_in_kmh numeric,
    is_operational boolean NOT NULL,
    planet_id integer
);


ALTER TABLE public.spaceship OWNER TO freecodecamp;

--
-- Name: spaceship_spaceship_id_seq; Type: SEQUENCE; Schema: public; Owner: freecodecamp
--

CREATE SEQUENCE public.spaceship_spaceship_id_seq
    AS integer
    START WITH 1
    INCREMENT BY 1
    NO MINVALUE
    NO MAXVALUE
    CACHE 1;


ALTER TABLE public.spaceship_spaceship_id_seq OWNER TO freecodecamp;

--
-- Name: spaceship_spaceship_id_seq; Type: SEQUENCE OWNED BY; Schema: public; Owner: freecodecamp
--

ALTER SEQUENCE public.spaceship_spaceship_id_seq OWNED BY public.spaceship.spaceship_id;


--
-- Name: star; Type: TABLE; Schema: public; Owner: freecodecamp
--

CREATE TABLE public.star (
    star_id integer NOT NULL,
    name character varying(255) NOT NULL,
    star_type character varying(100) NOT NULL,
    age_in_millions_of_years integer NOT NULL,
    is_spherical boolean NOT NULL,
    galaxy_id integer
);


ALTER TABLE public.star OWNER TO freecodecamp;

--
-- Name: star_star_id_seq; Type: SEQUENCE; Schema: public; Owner: freecodecamp
--

CREATE SEQUENCE public.star_star_id_seq
    AS integer
    START WITH 1
    INCREMENT BY 1
    NO MINVALUE
    NO MAXVALUE
    CACHE 1;


ALTER TABLE public.star_star_id_seq OWNER TO freecodecamp;

--
-- Name: star_star_id_seq; Type: SEQUENCE OWNED BY; Schema: public; Owner: freecodecamp
--

ALTER SEQUENCE public.star_star_id_seq OWNED BY public.star.star_id;


--
-- Name: galaxy galaxy_id; Type: DEFAULT; Schema: public; Owner: freecodecamp
--

ALTER TABLE ONLY public.galaxy ALTER COLUMN galaxy_id SET DEFAULT nextval('public.galaxy_galaxy_id_seq'::regclass);


--
-- Name: moon moon_id; Type: DEFAULT; Schema: public; Owner: freecodecamp
--

ALTER TABLE ONLY public.moon ALTER COLUMN moon_id SET DEFAULT nextval('public.moon_moon_id_seq'::regclass);


--
-- Name: planet planet_id; Type: DEFAULT; Schema: public; Owner: freecodecamp
--

ALTER TABLE ONLY public.planet ALTER COLUMN planet_id SET DEFAULT nextval('public.planet_planet_id_seq'::regclass);


--
-- Name: spaceship spaceship_id; Type: DEFAULT; Schema: public; Owner: freecodecamp
--

ALTER TABLE ONLY public.spaceship ALTER COLUMN spaceship_id SET DEFAULT nextval('public.spaceship_spaceship_id_seq'::regclass);


--
-- Name: star star_id; Type: DEFAULT; Schema: public; Owner: freecodecamp
--

ALTER TABLE ONLY public.star ALTER COLUMN star_id SET DEFAULT nextval('public.star_star_id_seq'::regclass);


--
-- Data for Name: galaxy; Type: TABLE DATA; Schema: public; Owner: freecodecamp
--

INSERT INTO public.galaxy VALUES (1, 'Milky Way', 'Spiral', 13600, true);
INSERT INTO public.galaxy VALUES (2, 'Andromeda', 'Spiral', 10000, false);
INSERT INTO public.galaxy VALUES (3, 'Triangulum', 'Spiral', 9000, false);
INSERT INTO public.galaxy VALUES (4, 'Whirlpool', 'Spiral', 14000, false);
INSERT INTO public.galaxy VALUES (5, 'Sombrero', 'Elliptical', 11000, false);
INSERT INTO public.galaxy VALUES (6, 'Black Eye', 'Spiral', 12300, false);


--
-- Data for Name: moon; Type: TABLE DATA; Schema: public; Owner: freecodecamp
--

INSERT INTO public.moon VALUES (1, 'Moon', 3475, 1, NULL);
INSERT INTO public.moon VALUES (2, 'Phobos', 22, 2, NULL);
INSERT INTO public.moon VALUES (3, 'Deimos', 12, 2, NULL);
INSERT INTO public.moon VALUES (4, 'Europa', 3121, 3, NULL);
INSERT INTO public.moon VALUES (5, 'Ganymede', 5268, 3, NULL);
INSERT INTO public.moon VALUES (6, 'Callisto', 4820, 3, NULL);
INSERT INTO public.moon VALUES (7, 'Titan', 5150, 8, NULL);
INSERT INTO public.moon VALUES (8, 'Rhea', 1527, 8, NULL);
INSERT INTO public.moon VALUES (9, 'Dione', 1123, 8, NULL);
INSERT INTO public.moon VALUES (10, 'Tethys', 1062, 8, NULL);
INSERT INTO public.moon VALUES (11, 'Iapetus', 1469, 8, NULL);
INSERT INTO public.moon VALUES (12, 'Enceladus', 504, 8, NULL);
INSERT INTO public.moon VALUES (13, 'Miranda', 471, 9, NULL);
INSERT INTO public.moon VALUES (14, 'Ariel', 1158, 9, NULL);
INSERT INTO public.moon VALUES (15, 'Umbriel', 1169, 9, NULL);
INSERT INTO public.moon VALUES (16, 'Triton', 2706, 7, NULL);
INSERT INTO public.moon VALUES (17, 'Charon', 1212, 7, NULL);
INSERT INTO public.moon VALUES (18, 'Oberon', 1523, 9, NULL);
INSERT INTO public.moon VALUES (19, 'Hyperion', 270, 8, NULL);
INSERT INTO public.moon VALUES (20, 'Mimas', 396, 8, NULL);


--
-- Data for Name: planet; Type: TABLE DATA; Schema: public; Owner: freecodecamp
--

INSERT INTO public.planet VALUES (1, 'Earth', 'Terrestrial', 1.0, true, 1);
INSERT INTO public.planet VALUES (2, 'Mars', 'Terrestrial', 1.5, false, 1);
INSERT INTO public.planet VALUES (3, 'Jupiter', 'Gas Giant', 5.2, false, 1);
INSERT INTO public.planet VALUES (4, 'Proxima b', 'Exoplanet', 0.05, false, 6);
INSERT INTO public.planet VALUES (5, 'Kepler-22b', 'Exoplanet', 600, false, 3);
INSERT INTO public.planet VALUES (6, 'Gliese 581g', 'Exoplanet', 0.13, false, 5);
INSERT INTO public.planet VALUES (7, 'Neptune', 'Gas Giant', 30.1, false, 1);
INSERT INTO public.planet VALUES (8, 'Saturn', 'Gas Giant', 9.58, false, 1);
INSERT INTO public.planet VALUES (9, 'Uranus', 'Ice Giant', 19.2, false, 1);
INSERT INTO public.planet VALUES (10, 'Vulcan', 'Exoplanet', 0.4, false, 6);
INSERT INTO public.planet VALUES (11, 'HD 189733 b', 'Hot Jupiter', 63, false, 2);
INSERT INTO public.planet VALUES (12, 'TrES-2b', 'Gas Giant', 7.1, false, 5);


--
-- Data for Name: spaceship; Type: TABLE DATA; Schema: public; Owner: freecodecamp
--

INSERT INTO public.spaceship VALUES (1, 'Apollo 11', 40000, true, 1);
INSERT INTO public.spaceship VALUES (2, 'Voyager 1', 62000, true, 3);
INSERT INTO public.spaceship VALUES (3, 'Enterprise', 500000, false, 2);


--
-- Data for Name: star; Type: TABLE DATA; Schema: public; Owner: freecodecamp
--

INSERT INTO public.star VALUES (1, 'Sun', 'G-type', 4600, true, 1);
INSERT INTO public.star VALUES (2, 'Alpha Centauri', 'G-type', 5500, true, 1);
INSERT INTO public.star VALUES (3, 'Betelgeuse', 'Red Supergiant', 10000, true, 2);
INSERT INTO public.star VALUES (4, 'Sirius', 'A-type', 300, true, 3);
INSERT INTO public.star VALUES (5, 'Vega', 'A-type', 455, true, 4);
INSERT INTO public.star VALUES (6, 'Proxima Centauri', 'M-type', 4850, true, 1);


--
-- Name: galaxy_galaxy_id_seq; Type: SEQUENCE SET; Schema: public; Owner: freecodecamp
--

SELECT pg_catalog.setval('public.galaxy_galaxy_id_seq', 6, true);


--
-- Name: moon_moon_id_seq; Type: SEQUENCE SET; Schema: public; Owner: freecodecamp
--

SELECT pg_catalog.setval('public.moon_moon_id_seq', 20, true);


--
-- Name: planet_planet_id_seq; Type: SEQUENCE SET; Schema: public; Owner: freecodecamp
--

SELECT pg_catalog.setval('public.planet_planet_id_seq', 12, true);


--
-- Name: spaceship_spaceship_id_seq; Type: SEQUENCE SET; Schema: public; Owner: freecodecamp
--

SELECT pg_catalog.setval('public.spaceship_spaceship_id_seq', 3, true);


--
-- Name: star_star_id_seq; Type: SEQUENCE SET; Schema: public; Owner: freecodecamp
--

SELECT pg_catalog.setval('public.star_star_id_seq', 6, true);


--
-- Name: galaxy galaxy_name_key; Type: CONSTRAINT; Schema: public; Owner: freecodecamp
--

ALTER TABLE ONLY public.galaxy
    ADD CONSTRAINT galaxy_name_key UNIQUE (name);


--
-- Name: galaxy galaxy_pkey; Type: CONSTRAINT; Schema: public; Owner: freecodecamp
--

ALTER TABLE ONLY public.galaxy
    ADD CONSTRAINT galaxy_pkey PRIMARY KEY (galaxy_id);


--
-- Name: moon moon_name_key; Type: CONSTRAINT; Schema: public; Owner: freecodecamp
--

ALTER TABLE ONLY public.moon
    ADD CONSTRAINT moon_name_key UNIQUE (name);


--
-- Name: moon moon_pkey; Type: CONSTRAINT; Schema: public; Owner: freecodecamp
--

ALTER TABLE ONLY public.moon
    ADD CONSTRAINT moon_pkey PRIMARY KEY (moon_id);


--
-- Name: planet planet_name_key; Type: CONSTRAINT; Schema: public; Owner: freecodecamp
--

ALTER TABLE ONLY public.planet
    ADD CONSTRAINT planet_name_key UNIQUE (name);


--
-- Name: planet planet_pkey; Type: CONSTRAINT; Schema: public; Owner: freecodecamp
--

ALTER TABLE ONLY public.planet
    ADD CONSTRAINT planet_pkey PRIMARY KEY (planet_id);


--
-- Name: spaceship spaceship_name_key; Type: CONSTRAINT; Schema: public; Owner: freecodecamp
--

ALTER TABLE ONLY public.spaceship
    ADD CONSTRAINT spaceship_name_key UNIQUE (name);


--
-- Name: spaceship spaceship_pkey; Type: CONSTRAINT; Schema: public; Owner: freecodecamp
--

ALTER TABLE ONLY public.spaceship
    ADD CONSTRAINT spaceship_pkey PRIMARY KEY (spaceship_id);


--
-- Name: star star_name_key; Type: CONSTRAINT; Schema: public; Owner: freecodecamp
--

ALTER TABLE ONLY public.star
    ADD CONSTRAINT star_name_key UNIQUE (name);


--
-- Name: star star_pkey; Type: CONSTRAINT; Schema: public; Owner: freecodecamp
--

ALTER TABLE ONLY public.star
    ADD CONSTRAINT star_pkey PRIMARY KEY (star_id);


--
-- Name: moon moon_planet_id_fkey; Type: FK CONSTRAINT; Schema: public; Owner: freecodecamp
--

ALTER TABLE ONLY public.moon
    ADD CONSTRAINT moon_planet_id_fkey FOREIGN KEY (planet_id) REFERENCES public.planet(planet_id);


--
-- Name: planet planet_star_id_fkey; Type: FK CONSTRAINT; Schema: public; Owner: freecodecamp
--

ALTER TABLE ONLY public.planet
    ADD CONSTRAINT planet_star_id_fkey FOREIGN KEY (star_id) REFERENCES public.star(star_id);


--
-- Name: spaceship spaceship_planet_id_fkey; Type: FK CONSTRAINT; Schema: public; Owner: freecodecamp
--

ALTER TABLE ONLY public.spaceship
    ADD CONSTRAINT spaceship_planet_id_fkey FOREIGN KEY (planet_id) REFERENCES public.planet(planet_id);


--
-- Name: star star_galaxy_id_fkey; Type: FK CONSTRAINT; Schema: public; Owner: freecodecamp
--

ALTER TABLE ONLY public.star
    ADD CONSTRAINT star_galaxy_id_fkey FOREIGN KEY (galaxy_id) REFERENCES public.galaxy(galaxy_id);


--
-- PostgreSQL database dump complete
--

